instance_name,experiment,config,time_limit_seconds,status,obj,best_bound,gap_pct,milp_time,n_nodes,deadline,n_ops,n_dfa_states,n_dfa_arcs
synth_01,WCT,NOPSOS+DFA,300,solved,135.0,135.0,0.0,0.265625,1,,7,8,38
synth_01,WCT,NOPSOS-noSBS-symON,300,solved,135.0,135.0,0.0,0.28125,443,,7,8,38
synth_01,WCT,NOPSOS-noSBS-symOFF,300,solved,135.0,135.0,0.0,0.3125,443,,7,8,38
synth_01,FEAS,NOPSOS+DFA,300,infeasible,,,,0.046875,0,9.5,7,8,38
synth_01,FEAS,NOPSOS-noSBS-symON,300,infeasible,,,,0.125,356,9.5,7,8,38
synth_01,FEAS,NOPSOS-noSBS-symOFF,300,infeasible,,,,0.15625,356,9.5,7,8,38
synth_02,WCT,NOPSOS+DFA,300,solved,271.0,271.0,0.0,0.625,361,,8,9,50
synth_02,WCT,NOPSOS-noSBS-symON,300,solved,271.0,271.0,0.0,1.65625,3508,,8,9,50
synth_02,WCT,NOPSOS-noSBS-symOFF,300,solved,271.0,271.0,0.0,1.65625,3508,,8,9,50
synth_02,FEAS,NOPSOS+DFA,300,infeasible,,,,0.3125,253,22.5,8,9,50
synth_02,FEAS,NOPSOS-noSBS-symON,300,infeasible,,,,0.859375,3591,22.5,8,9,50
synth_02,FEAS,NOPSOS-noSBS-symOFF,300,infeasible,,,,0.828125,3591,22.5,8,9,50
synth_03,WCT,NOPSOS+DFA,300,solved,563.0,563.0,0.0,1.265625,546,,8,9,50
synth_03,WCT,NOPSOS-noSBS-symON,300,solved,563.0,563.0,0.0,2.203125,5267,,8,9,50
synth_03,WCT,NOPSOS-noSBS-symOFF,300,solved,563.0,563.0,0.0,2.125,5267,,8,9,50
synth_03,FEAS,NOPSOS+DFA,300,infeasible,,,,0.3125,249,22.5,8,9,50
synth_03,FEAS,NOPSOS-noSBS-symON,300,infeasible,,,,0.65625,2502,22.5,8,9,50
synth_03,FEAS,NOPSOS-noSBS-symOFF,300,infeasible,,,,0.609375,2502,22.5,8,9,50
synth_04,WCT,NOPSOS+DFA,300,solved,284.0,284.0,0.0,0.953125,137,,8,9,50
synth_04,WCT,NOPSOS-noSBS-symON,300,solved,284.0,284.0,0.0,0.921875,1600,,8,9,50
synth_04,WCT,NOPSOS-noSBS-symOFF,300,solved,284.0,284.0,0.0,0.90625,1600,,8,9,50
synth_04,FEAS,NOPSOS+DFA,300,infeasible,,,,0.40625,482,25.5,8,9,50
synth_04,FEAS,NOPSOS-noSBS-symON,300,infeasible,,,,0.90625,4197,25.5,8,9,50
synth_04,FEAS,NOPSOS-noSBS-symOFF,300,infeasible,,,,0.90625,4197,25.5,8,9,50
synth_05,WCT,NOPSOS+DFA,300,solved,448.0,448.0,0.0,20.28125,3080,,11,12,86
synth_05,WCT,NOPSOS-noSBS-symON,300,solved,447.9999913171322,447.9999913171,0.0,125.296875,240872,,11,12,86
synth_05,WCT,NOPSOS-noSBS-symOFF,300,solved,447.9999913171322,447.9999913171,0.0,128.1875,240872,,11,12,86
synth_05,FEAS,NOPSOS+DFA,300,infeasible,,,,3.640625,2395,22.5,11,12,86
synth_05,FEAS,NOPSOS-noSBS-symON,300,infeasible,,,,8.15625,6683,22.5,11,12,86
synth_05,FEAS,NOPSOS-noSBS-symOFF,300,infeasible,,,,8.0625,6683,22.5,11,12,86
synth_06,WCT,NOPSOS+DFA,300,limit,1240.0,839.3795662302,32.3081,299.703125,20666,,13,14,122
synth_06,WCT,NOPSOS-noSBS-symON,300,limit,1240.0,687.8888888889,44.5251,299.59375,229139,,13,14,122
synth_06,WCT,NOPSOS-noSBS-symOFF,300,limit,1240.0,688.0,44.5161,299.625,231093,,13,14,122
synth_06,FEAS,NOPSOS+DFA,300,infeasible,,,,34.140625,7116,26.5,13,14,122
synth_06,FEAS,NOPSOS-noSBS-symON,300,limit,,,,299.578125,135421,26.5,13,14,122
synth_06,FEAS,NOPSOS-noSBS-symOFF,300,limit,,,,299.421875,134760,26.5,13,14,122
synth_07,WCT,NOPSOS+DFA,300,solved,443.0,443.0,0.0,24.734375,6198,,11,12,86
synth_07,WCT,NOPSOS-noSBS-symON,300,solved,442.9999808370051,442.999980837,0.0,87.296875,158613,,11,12,86
synth_07,WCT,NOPSOS-noSBS-symOFF,300,solved,442.9999808370051,442.999980837,0.0,86.625,158613,,11,12,86
synth_07,FEAS,NOPSOS+DFA,300,infeasible,,,,8.296875,3979,17.5,11,12,86
synth_07,FEAS,NOPSOS-noSBS-symON,300,infeasible,,,,20.921875,19227,17.5,11,12,86
synth_07,FEAS,NOPSOS-noSBS-symOFF,300,infeasible,,,,20.734375,19227,17.5,11,12,86
synth_08,WCT,NOPSOS+DFA,300,solved,614.0,614.0,0.0,219.546875,22563,,12,13,104
synth_08,WCT,NOPSOS-noSBS-symON,300,limit,613.9999848120589,501.0,18.4039,299.421875,369386,,12,13,104
synth_08,WCT,NOPSOS-noSBS-symOFF,300,limit,613.9999848120589,501.0000000001,18.4039,299.625,370520,,12,13,104
synth_08,FEAS,NOPSOS+DFA,300,infeasible,,,,21.15625,3080,25.5,12,13,104
synth_08,FEAS,NOPSOS-noSBS-symON,300,limit,,,,299.59375,210099,25.5,12,13,104
synth_08,FEAS,NOPSOS-noSBS-symOFF,300,limit,,,,299.515625,210385,25.5,12,13,104
synth_09,WCT,NOPSOS+DFA,300,solved,804.0,804.0,0.0,37.71875,6297,,12,13,99
synth_09,WCT,NOPSOS-noSBS-symON,300,limit,804.0,696.4285714286,13.3795,299.5625,467897,,12,13,99
synth_09,WCT,NOPSOS-noSBS-symOFF,300,limit,804.0,696.2535693889,13.401300000000003,299.609375,464825,,12,13,99
synth_09,FEAS,NOPSOS+DFA,300,infeasible,,,,6.5625,3415,24.5,12,13,99
synth_09,FEAS,NOPSOS-noSBS-symON,300,infeasible,,,,4.109375,5560,24.5,12,13,99
synth_09,FEAS,NOPSOS-noSBS-symOFF,300,infeasible,,,,4,5560,24.5,12,13,99
synth_10,WCT,NOPSOS+DFA,300,solved,683.0,682.9999999998,0.0,17.28125,4793,,11,12,83
synth_10,WCT,NOPSOS-noSBS-symON,300,solved,682.9999949964406,682.9999949964,0.0,149.171875,292148,,11,12,83
synth_10,WCT,NOPSOS-noSBS-symOFF,300,solved,682.9999949964406,682.9999949964,0.0,148.96875,292148,,11,12,83
synth_10,FEAS,NOPSOS+DFA,300,infeasible,,,,4.1875,3791,25.5,11,12,83
synth_10,FEAS,NOPSOS-noSBS-symON,300,infeasible,,,,5.1875,5666,25.5,11,12,83
synth_10,FEAS,NOPSOS-noSBS-symOFF,300,infeasible,,,,5.1875,5666,25.5,11,12,83
synth_11,WCT,NOPSOS+DFA,300,solved,617.0,617.0,0.0,4.359375,1491,,11,12,83
synth_11,WCT,NOPSOS-noSBS-symON,300,solved,617.0,617.0,0.0,55.796875,100768,,11,12,83
synth_11,WCT,NOPSOS-noSBS-symOFF,300,solved,617.0,617.0,0.0,55.921875,100768,,11,12,83
synth_11,FEAS,NOPSOS+DFA,300,infeasible,,,,1.140625,588,19.5,11,12,83
synth_11,FEAS,NOPSOS-noSBS-symON,300,infeasible,,,,9.28125,10188,19.5,11,12,83
synth_11,FEAS,NOPSOS-noSBS-symOFF,300,infeasible,,,,9.390625,10188,19.5,11,12,83
synth_12,WCT,NOPSOS+DFA,300,limit,864.0,528.1125499563,38.8759,299.640625,7874,,16,17,169
synth_12,WCT,NOPSOS-noSBS-symON,300,limit,863.9999916297517,539.2013124595,37.5924,299.75,183805,,16,17,169
synth_12,WCT,NOPSOS-noSBS-symOFF,300,limit,863.9999992654724,495.0000000001,42.7083,299.71875,132523,,16,17,169
synth_12,FEAS,NOPSOS+DFA,300,limit,,,,299.65625,11414,32.5,16,17,169
synth_12,FEAS,NOPSOS-noSBS-symON,300,limit,,,,299.609375,109066,32.5,16,17,169
synth_12,FEAS,NOPSOS-noSBS-symOFF,300,limit,,,,299.59375,109105,32.5,16,17,169
synth_13,WCT,NOPSOS+DFA,300,solved,543.9999975000001,543.9999975,0.0,64.796875,7984,,14,15,129
synth_13,WCT,NOPSOS-noSBS-symON,300,limit,543.9999859617317,434.4076235411,20.1457,299.609375,313288,,14,15,129
synth_13,WCT,NOPSOS-noSBS-symOFF,300,limit,543.9999859617317,434.328,20.1603,299.546875,311954,,14,15,129
synth_13,FEAS,NOPSOS+DFA,300,infeasible,,,,0.25,1,23.5,14,15,129
synth_13,FEAS,NOPSOS-noSBS-symON,300,infeasible,,,,0.09375,1,23.5,14,15,129
synth_13,FEAS,NOPSOS-noSBS-symOFF,300,infeasible,,,,0.140625,1,23.5,14,15,129
synth_14,WCT,NOPSOS+DFA,300,limit,1021.0,724.5801117809,29.0323,299.59375,10953,,15,16,148
synth_14,WCT,NOPSOS-noSBS-symON,300,limit,1020.9999740104612,650.0000000051,36.3369,299.4375,203822,,15,16,148
synth_14,WCT,NOPSOS-noSBS-symOFF,300,limit,1020.9999740104612,650.0000000051,36.3369,299.515625,204009,,15,16,148
synth_14,FEAS,NOPSOS+DFA,300,infeasible,,,,34.40625,5703,21.5,15,16,148
synth_14,FEAS,NOPSOS-noSBS-symON,300,limit,,,,299.59375,136557,21.5,15,16,148
synth_14,FEAS,NOPSOS-noSBS-symOFF,300,limit,,,,299.59375,136594,21.5,15,16,148
synth_15,WCT,NOPSOS+DFA,300,limit,759.0,572.6638824876,24.5502,299.65625,10242,,15,16,150
synth_15,WCT,NOPSOS-noSBS-symON,300,limit,758.9999985,547.0,27.9315,299.625,167828,,15,16,150
synth_15,WCT,NOPSOS-noSBS-symOFF,300,limit,758.9999985,547.0,27.9315,299.40625,167837,,15,16,150
synth_16,WCT,NOPSOS+DFA,300,limit,934.0,671.1033864893,28.1474,299.4375,12645,,15,16,149
synth_16,WCT,NOPSOS-noSBS-symON,300,limit,934.0,585.0000000008,37.3662,299.609375,157081,,15,16,149
synth_16,WCT,NOPSOS-noSBS-symOFF,300,limit,934.0,585.0000000008,37.3662,299.5625,157041,,15,16,149
synth_16,FEAS,NOPSOS+DFA,300,infeasible,,,,25,5410,20.5,15,16,149
synth_16,FEAS,NOPSOS-noSBS-symON,300,infeasible,,,,12.40625,5127,20.5,15,16,149
synth_16,FEAS,NOPSOS-noSBS-symOFF,300,infeasible,,,,12.5625,5127,20.5,15,16,149
synth_17,WCT,NOPSOS+DFA,300,limit,543.0,450.9512114126,16.9519,299.515625,10740,,15,16,149
synth_17,WCT,NOPSOS-noSBS-symON,300,limit,542.9999993333333,430.2188671942,20.77,299.484375,220747,,15,16,149
synth_17,WCT,NOPSOS-noSBS-symOFF,300,limit,542.9999993333333,430.2188671942,20.77,299.53125,221176,,15,16,149
synth_17,FEAS,NOPSOS+DFA,300,infeasible,,,,19.03125,6476,23.5,15,16,149
synth_17,FEAS,NOPSOS-noSBS-symON,300,limit,,,,299.515625,156043,23.5,15,16,149
synth_17,FEAS,NOPSOS-noSBS-symOFF,300,limit,,,,299.546875,155775,23.5,15,16,149
synth_18,WCT,NOPSOS+DFA,300,solved,976.0,976.0,0.0,119.640625,14551,,14,15,129
synth_18,WCT,NOPSOS-noSBS-symON,300,limit,975.9992999999998,724.9258241112,25.7248,299.65625,287196,,14,15,129
synth_18,WCT,NOPSOS-noSBS-symOFF,300,limit,975.9992999999998,725.5,25.665900000000004,299.578125,289994,,14,15,129
synth_18,FEAS,NOPSOS+DFA,300,infeasible,,,,24.375,5659,22.5,14,15,129
synth_18,FEAS,NOPSOS-noSBS-symON,300,limit,,,,299.515625,169401,22.5,14,15,129
synth_18,FEAS,NOPSOS-noSBS-symOFF,300,limit,,,,299.578125,170175,22.5,14,15,129
synth_19,WCT,NOPSOS+DFA,300,limit,1184.0,847.1001495532,28.454400000000003,299.609375,11089,,15,16,150
synth_19,WCT,NOPSOS-noSBS-symON,300,limit,1171.9999870586457,748.5217391304,36.133,299.609375,181295,,15,16,150
synth_19,WCT,NOPSOS-noSBS-symOFF,300,limit,1171.9999870586457,748.5217391304,36.133,299.625,181457,,15,16,150
synth_19,FEAS,NOPSOS+DFA,300,infeasible,,,,37.25,5632,28.5,15,16,150
synth_19,FEAS,NOPSOS-noSBS-symON,300,infeasible,,,,8.265625,2114,28.5,15,16,150
synth_19,FEAS,NOPSOS-noSBS-symOFF,300,infeasible,,,,8.21875,2114,28.5,15,16,150
synth_20,WCT,NOPSOS+DFA,300,limit,1327.0,821.7909259599,38.0715,299.703125,726,,20,21,258
synth_20,WCT,NOPSOS-noSBS-symON,300,limit,1265.9978580988827,776.0,38.7045,299.65625,42648,,20,21,258
synth_20,WCT,NOPSOS-noSBS-symOFF,300,limit,1265.999995060241,776.0,38.7046,299.640625,44195,,20,21,258
synth_20,FEAS,NOPSOS+DFA,300,infeasible,,,,0.75,1,27.5,20,21,258
synth_20,FEAS,NOPSOS-noSBS-symON,300,infeasible,,,,0.3125,1,27.5,20,21,258
synth_20,FEAS,NOPSOS-noSBS-symOFF,300,infeasible,,,,0.296875,1,27.5,20,21,258
synth_21,WCT,NOPSOS+DFA,300,limit,712.0,524.9443881365,26.2719,299.71875,10202,,17,18,185
synth_21,WCT,NOPSOS-noSBS-symON,300,limit,702.9999877685333,501.0,28.734000000000005,299.65625,125895,,17,18,185
synth_21,WCT,NOPSOS-noSBS-symOFF,300,limit,703.0,491.3333333333,30.109099999999998,299.75,134584,,17,18,185
synth_21,FEAS,NOPSOS+DFA,300,infeasible,,,,103.640625,3601,21.5,17,18,185
synth_21,FEAS,NOPSOS-noSBS-symON,300,limit,,,,299.609375,92756,21.5,17,18,185
synth_21,FEAS,NOPSOS-noSBS-symOFF,300,limit,,,,299.59375,99671,21.5,17,18,185
synth_22,WCT,NOPSOS+DFA,300,limit,1422.0,948.1974369464,33.3194,299.703125,4128,,18,19,211
synth_22,WCT,NOPSOS-noSBS-symON,300,limit,1418.0,938.0000000005,33.8505,299.75,96919,,18,19,211
synth_22,WCT,NOPSOS-noSBS-symOFF,300,limit,1418.0,938.0000000002,33.8505,299.625,99586,,18,19,211
synth_23,WCT,NOPSOS+DFA,300,limit,1384.0,811.0862612056,41.3955,299.59375,760,,21,22,280
synth_23,WCT,NOPSOS-noSBS-symON,300,limit,1320.0,768.0,41.8182,299.609375,40808,,21,22,280
synth_23,WCT,NOPSOS-noSBS-symOFF,300,limit,1320.0,768.0000000064,41.8182,299.546875,43039,,21,22,280
synth_24,WCT,NOPSOS+DFA,300,limit,2173.0,1394.189622577,35.8403,299.59375,638,,22,23,310
synth_24,WCT,NOPSOS-noSBS-symON,300,limit,2092.0,1365.0,34.7514,299.671875,27159,,22,23,310
synth_24,WCT,NOPSOS-noSBS-symOFF,300,limit,2091.999993840909,1365.0,34.7514,299.671875,30551,,22,23,310
synth_25,WCT,NOPSOS+DFA,300,limit,1237.0,898.6690393212,27.3509,299.796875,2109,,19,20,229
synth_25,WCT,NOPSOS-noSBS-symON,300,limit,1197.999974222168,835.0000000001,30.300499999999996,299.59375,77564,,19,20,229
synth_25,WCT,NOPSOS-noSBS-symOFF,300,limit,1197.9999655677052,835.0000000001,30.300499999999996,299.59375,82234,,19,20,229
synth_25,FEAS,NOPSOS+DFA,300,infeasible,,,,0.59375,1,31.5,19,20,229
synth_25,FEAS,NOPSOS-noSBS-symON,300,infeasible,,,,0.25,1,31.5,19,20,229
synth_25,FEAS,NOPSOS-noSBS-symOFF,300,infeasible,,,,0.25,1,31.5,19,20,229
synth_26,WCT,NOPSOS+DFA,300,limit,1322.0,1049.488625969,20.6136,300.6875,10253,,17,18,183
synth_26,WCT,NOPSOS-noSBS-symON,300,limit,1321.9999981984556,963.0,27.155799999999996,299.65625,130189,,17,18,183
synth_26,WCT,NOPSOS-noSBS-symOFF,300,limit,1321.9999101263134,963.0,27.155799999999996,299.390625,129300,,17,18,183
synth_26,FEAS,NOPSOS+DFA,300,infeasible,,,,0.40625,1,32.5,17,18,183
synth_26,FEAS,NOPSOS-noSBS-symON,300,infeasible,,,,0.140625,1,32.5,17,18,183
synth_26,FEAS,NOPSOS-noSBS-symOFF,300,infeasible,,,,0.140625,1,32.5,17,18,183
synth_27,WCT,NOPSOS+DFA,300,limit,1791.0,1036.000000009,42.1552,299.578125,579,,26,27,422
synth_27,WCT,NOPSOS-noSBS-symON,300,limit,1564.9999730866534,1036.000000003,33.8019,299.828125,8870,,26,27,422
synth_27,WCT,NOPSOS-noSBS-symOFF,300,limit,1565.0,1036.000000032,33.8019,299.84375,10202,,26,27,422
synth_28,WCT,NOPSOS+DFA,300,limit,1688.999997923077,1034.011680194,38.7797,299.703125,616,,24,25,357
synth_28,WCT,NOPSOS-noSBS-symON,300,limit,1679.0,980.0,41.6319,299.5,28275,,24,25,357
synth_28,WCT,NOPSOS-noSBS-symOFF,300,limit,1680.0,980.0,41.6667,299.859375,30606,,24,25,357
synth_28,FEAS,NOPSOS+DFA,300,infeasible,,,,262.96875,1770,30.5,24,25,357
synth_28,FEAS,NOPSOS-noSBS-symON,300,infeasible,,,,6.734375,1188,30.5,24,25,357
synth_28,FEAS,NOPSOS-noSBS-symOFF,300,infeasible,,,,6.5,1312,30.5,24,25,357
synth_29,WCT,NOPSOS+DFA,300,limit,1049.0,765.0588235866,27.0678,299.765625,689,,24,25,358
synth_29,WCT,NOPSOS-noSBS-symON,300,limit,1034.0,750.0,27.4662,299.421875,23242,,24,25,358
synth_29,WCT,NOPSOS-noSBS-symOFF,300,limit,1033.999995206995,750.0000000001,27.4662,299.546875,22425,,24,25,358
synth_29,FEAS,NOPSOS+DFA,300,infeasible,,,,1.34375,1,27.5,24,25,358
synth_29,FEAS,NOPSOS-noSBS-symON,300,infeasible,,,,0.359375,1,27.5,24,25,358
synth_29,FEAS,NOPSOS-noSBS-symOFF,300,infeasible,,,,0.359375,1,27.5,24,25,358
synth_30,WCT,NOPSOS+DFA,300,limit,1828.0,1158.647758663,36.6166,299.546875,616,,23,24,332
synth_30,WCT,NOPSOS-noSBS-symON,300,limit,1739.0,1143.000000001,34.2726,299.609375,34901,,23,24,332
synth_30,WCT,NOPSOS-noSBS-symOFF,300,limit,1739.0,1143.000000003,34.2726,299.640625,22904,,23,24,332
