instance_name,config,objective,seed,status,obj,best_bound,gap_pct,time,n_nodes,lp_bound,root_relax,n_sbs_rows,deadline,n_ops,n_dfa_states,n_dfa_arcs
synth_01,dfa,wct,0,solved,135.0,135.0,0.0,0.3125,1,98.0,98.0,,,7,8,38
synth_01,dfa,wct,1,solved,135.0,135.0,0.0,0.265625,1,98.0,98.0,,,7,8,38
synth_01,dfa,wct,2,solved,135.0,135.0,0.0,0.234375,60,98.0,98.0,,,7,8,38
synth_01,dfa,wct,3,solved,135.0,135.0,0.0,0.203125,76,98.0,98.0,,,7,8,38
synth_01,dfa,wct,4,solved,135.0,135.0,0.0,0.453125,1,98.0,98.0,,,7,8,38
synth_01,pairwise,wct,0,solved,135.0,135.0,0.0,0.40625,1,98.00000000000003,98.0,108,,7,8,38
synth_01,pairwise,wct,1,solved,135.0,135.0,0.0,0.375,9,98.00000000000003,98.0,108,,7,8,38
synth_01,pairwise,wct,2,solved,135.0,135.0,0.0,0.40625,3,98.00000000000003,98.0,108,,7,8,38
synth_01,pairwise,wct,3,solved,135.0,135.0,0.0,0.296875,1,98.00000000000003,98.0,108,,7,8,38
synth_01,pairwise,wct,4,solved,135.0,135.0,0.0,0.234375,113,98.00000000000003,98.0,108,,7,8,38
synth_01,nosbs-off,wct,0,solved,135.0,135.0,0.0,0.25,477,98.0,98.0,,,7,8,38
synth_01,nosbs-off,wct,1,solved,135.0,135.0,0.0,0.3125,607,98.0,98.0,,,7,8,38
synth_01,nosbs-off,wct,2,solved,135.0,135.0,0.0,0.296875,541,98.0,98.0,,,7,8,38
synth_01,nosbs-off,wct,3,solved,135.0,135.0,0.0,0.296875,547,98.0,98.0,,,7,8,38
synth_01,nosbs-off,wct,4,solved,135.0,135.0,0.0,0.328125,462,98.0,98.0,,,7,8,38
synth_03,dfa,wct,0,solved,563.0,563.0,0.0,1.140625,736,335.0,335.0,,,8,9,50
synth_03,dfa,wct,1,solved,563.0,563.0,0.0,1.15625,747,335.0,335.0,,,8,9,50
synth_03,dfa,wct,2,solved,563.0,563.0,0.0,1.171875,813,335.0,335.0,,,8,9,50
synth_03,dfa,wct,3,solved,563.0,563.0,0.0,1.1875,844,335.0,335.0,,,8,9,50
synth_03,dfa,wct,4,solved,563.0,563.0,0.0,1.109375,759,335.0,335.0,,,8,9,50
synth_03,pairwise,wct,0,solved,563.0,563.0,0.0,0.953125,987,335.0,335.0,154,,8,9,50
synth_03,pairwise,wct,1,solved,563.0,563.0,0.0,0.78125,782,335.0,335.0,154,,8,9,50
synth_03,pairwise,wct,2,solved,563.0,563.0,0.0,0.734375,806,335.0,335.0,154,,8,9,50
synth_03,pairwise,wct,3,solved,563.0,563.0,0.0,0.84375,834,335.0,335.0,154,,8,9,50
synth_03,pairwise,wct,4,solved,563.0,563.0,0.0,0.859375,968,335.0,335.0,154,,8,9,50
synth_03,nosbs-off,wct,0,solved,563.0,563.0,0.0,2.78125,6205,335.0,335.0,,,8,9,50
synth_03,nosbs-off,wct,1,solved,563.0,563.0,0.0,2.578125,4413,335.0,335.0,,,8,9,50
synth_03,nosbs-off,wct,2,solved,563.0,563.0,0.0,2.5625,6037,335.0,335.0,,,8,9,50
synth_03,nosbs-off,wct,3,solved,563.0,563.0,0.0,2.390625,5430,335.0,335.0,,,8,9,50
synth_03,nosbs-off,wct,4,solved,563.0,563.0,0.0,2.125,3525,335.0,335.0,,,8,9,50
synth_05,dfa,wct,0,solved,448.0,448.0,0.0,16.765625,3735,303.0,303.0,,,11,12,86
synth_05,dfa,wct,1,solved,448.0,448.0,0.0,15.859375,4319,303.0,303.0,,,11,12,86
synth_05,dfa,wct,2,solved,448.0,448.0,0.0,17.546875,3876,303.0,303.0,,,11,12,86
synth_05,dfa,wct,3,solved,448.0,448.0,0.0,18.859375,3614,303.0,303.0,,,11,12,86
synth_05,dfa,wct,4,solved,448.0,448.0,0.0,14.21875,4395,303.0,303.0,,,11,12,86
synth_05,pairwise,wct,0,solved,448.0,448.0,0.0,15.21875,5563,303.0,303.0,460,,11,12,86
synth_05,pairwise,wct,1,solved,448.0,448.0,0.0,14.5,5718,303.0,303.0,460,,11,12,86
synth_05,pairwise,wct,2,solved,448.0,448.0,0.0,14.953125,5195,303.0,303.0,460,,11,12,86
synth_05,pairwise,wct,3,solved,448.0,448.0,0.0,14.078125,5320,303.0,303.0,460,,11,12,86
synth_05,pairwise,wct,4,solved,448.0,448.0,0.0,13.828125,5355,303.0,303.0,460,,11,12,86
synth_05,nosbs-off,wct,0,limit,447.99999327999984,386.0,13.839299999999998,119.734375,198346,303.00000000000006,303.0,,,11,12,86
synth_05,nosbs-off,wct,1,limit,447.9999789999998,376.0,16.0714,119.75,195249,303.00000000000006,303.0,,,11,12,86
synth_05,nosbs-off,wct,2,limit,447.99999764473455,349.7358242377,21.934,119.59375,185950,303.00000000000006,303.0,,,11,12,86
synth_05,nosbs-off,wct,3,solved,447.9999970599997,447.99999706,0.0,102.828125,200658,303.00000000000006,303.0,,,11,12,86
synth_05,nosbs-off,wct,4,solved,447.99992232323893,447.9999223232,0.0,108.734375,201830,303.00000000000006,303.0,,,11,12,86
synth_11,dfa,wct,0,solved,617.0,617.0,0.0,9.28125,2684,484.0,484.0,,,11,12,83
synth_11,dfa,wct,1,solved,617.0,617.0,0.0,5.984375,2451,484.0,484.0,,,11,12,83
synth_11,dfa,wct,2,solved,617.0,617.0,0.0,4.375,1811,484.0,484.0,,,11,12,83
synth_11,dfa,wct,3,solved,617.0,617.0,0.0,6.140625,2315,484.0,484.0,,,11,12,83
synth_11,dfa,wct,4,solved,617.0,617.0,0.0,5.53125,2595,484.0,484.0,,,11,12,83
synth_11,pairwise,wct,0,solved,617.0,617.0,0.0,4.0625,2306,484.0000000000001,484.0,490,,11,12,83
synth_11,pairwise,wct,1,solved,617.0,617.0,0.0,3.96875,2550,484.0000000000001,484.0,490,,11,12,83
synth_11,pairwise,wct,2,solved,617.0,617.0,0.0,3.265625,1875,484.0000000000001,484.0,490,,11,12,83
synth_11,pairwise,wct,3,solved,617.0,617.0,0.0,3.546875,2601,484.0000000000001,484.0,490,,11,12,83
synth_11,pairwise,wct,4,solved,617.0,617.0,0.0,6.5,2393,484.0000000000001,484.0,490,,11,12,83
synth_11,nosbs-off,wct,0,solved,616.9999522564087,616.9999522564,0.0,23.734375,46519,484.0,484.0,,,11,12,83
synth_11,nosbs-off,wct,1,solved,616.9999932317214,616.9999932317,0.0,31.859375,60315,484.0,484.0,,,11,12,83
synth_11,nosbs-off,wct,2,solved,616.9999874395546,616.9999874396,0.0,47.375,84257,484.0,484.0,,,11,12,83
synth_11,nosbs-off,wct,3,solved,617.0,617.0,0.0,45.75,82286,484.0,484.0,,,11,12,83
synth_11,nosbs-off,wct,4,solved,617.0,617.0,0.0,35.671875,73464,484.0,484.0,,,11,12,83
synth_08,dfa,wct,0,solved,614.0,614.0,0.0,117.21875,30752,405.0,405.0,,,12,13,104
synth_08,dfa,wct,1,solved,614.0,614.0,0.0,111.578125,29499,405.0,405.0,,,12,13,104
synth_08,dfa,wct,2,solved,614.0,614.0,0.0,95.59375,23316,405.0,405.0,,,12,13,104
synth_08,dfa,wct,3,limit,614.0,523.9432534678,14.6672,119.703125,35595,405.0,405.0,,,12,13,104
synth_08,dfa,wct,4,solved,613.9999967025863,613.9999967026,0.0,117.734375,33799,405.0,405.0,,,12,13,104
synth_08,pairwise,wct,0,solved,614.0,614.0,0.0,99.75,41188,405.0,405.0,572,,12,13,104
synth_08,pairwise,wct,1,solved,614.0,614.0,0.0,89.296875,39506,405.0,405.0,572,,12,13,104
synth_08,pairwise,wct,2,solved,614.0,614.0,0.0,90.375,38199,405.0,405.0,572,,12,13,104
synth_08,pairwise,wct,3,solved,614.0,614.0,0.0,92.109375,38029,405.0,405.0,572,,12,13,104
synth_08,pairwise,wct,4,solved,614.0,614.0,0.0,90.09375,42877,405.0,405.0,572,,12,13,104
synth_08,nosbs-off,wct,0,limit,613.9999844255876,428.0,30.2932,119.71875,112102,404.99999999999994,405.0,,,12,13,104
synth_08,nosbs-off,wct,1,limit,614.0,459.0,25.244299999999996,119.671875,112844,404.99999999999994,405.0,,,12,13,104
synth_08,nosbs-off,wct,2,limit,613.9999848307507,442.0,28.012999999999998,119.6875,120448,404.99999999999994,405.0,,,12,13,104
synth_08,nosbs-off,wct,3,limit,613.9999905000012,422.0377645594,31.2642,119.734375,110467,404.99999999999994,405.0,,,12,13,104
synth_08,nosbs-off,wct,4,limit,614.0,437.0,28.827400000000004,119.765625,115190,404.99999999999994,405.0,,,12,13,104
synth_09,dfa,wct,0,solved,804.0,804.0,0.0,40.359375,9577,570.0000000000001,570.0,,,12,13,99
synth_09,dfa,wct,1,solved,804.0,804.0,0.0,30.46875,5725,570.0000000000001,570.0,,,12,13,99
synth_09,dfa,wct,2,solved,804.0,804.0,0.0,28.6875,5732,570.0000000000001,570.0,,,12,13,99
synth_09,dfa,wct,3,solved,804.0,804.0,0.0,39.078125,8446,570.0000000000001,570.0,,,12,13,99
synth_09,dfa,wct,4,solved,804.0,804.0,0.0,35.046875,7931,570.0000000000001,570.0,,,12,13,99
synth_09,pairwise,wct,0,solved,804.0,804.0,0.0,23.359375,8667,570.0,570.0,627,,12,13,99
synth_09,pairwise,wct,1,solved,804.0,804.0,0.0,20.171875,6890,570.0,570.0,627,,12,13,99
synth_09,pairwise,wct,2,solved,804.0,804.0,0.0,21.3125,7665,570.0,570.0,627,,12,13,99
synth_09,pairwise,wct,3,solved,804.0,804.0,0.0,26.609375,10767,570.0,570.0,627,,12,13,99
synth_09,pairwise,wct,4,solved,804.0,804.0,0.0,23.359375,8940,570.0,570.0,627,,12,13,99
synth_09,nosbs-off,wct,0,limit,804.0,690.0,14.1791,119.796875,174106,570.0,570.0,,,12,13,99
synth_09,nosbs-off,wct,1,limit,804.0,690.0,14.1791,119.765625,168200,570.0,570.0,,,12,13,99
synth_09,nosbs-off,wct,2,limit,804.0,690.0,14.1791,119.65625,148738,570.0,570.0,,,12,13,99
synth_09,nosbs-off,wct,3,limit,804.0,690.0,14.1791,119.75,173168,570.0,570.0,,,12,13,99
synth_09,nosbs-off,wct,4,limit,804.0,690.0,14.1791,119.828125,184257,570.0,570.0,,,12,13,99
synth_13,dfa,wct,0,solved,544.0,544.0,0.0,71.328125,13060,427.0,427.0,,,14,15,129
synth_13,dfa,wct,1,solved,544.0,544.0,0.0,69.546875,12279,427.0,427.0,,,14,15,129
synth_13,dfa,wct,2,solved,543.9999966666664,543.9805688556,0.0036,98.09375,15367,427.0,427.0,,,14,15,129
synth_13,dfa,wct,3,solved,544.0,544.0,0.0,113.8125,16655,427.0,427.0,,,14,15,129
synth_13,dfa,wct,4,limit,544.0,482.3133553467,11.3395,119.734375,14851,427.0,427.0,,,14,15,129
synth_13,pairwise,wct,0,solved,544.0,543.9980428189,0.00039999999999999996,81,22993,427.0,427.0,1053,,14,15,129
synth_13,pairwise,wct,1,solved,544.0,544.0,0.0,88.875,23805,427.0,427.0,1053,,14,15,129
synth_13,pairwise,wct,2,solved,544.0,544.0,0.0,77.4375,16852,427.0,427.0,1053,,14,15,129
synth_13,pairwise,wct,3,solved,544.0,544.0,0.0,78.84375,19791,427.0,427.0,1053,,14,15,129
synth_13,pairwise,wct,4,solved,544.0,543.9523327547,0.0088,39.15625,9981,427.0,427.0,1053,,14,15,129
synth_13,nosbs-off,wct,0,limit,543.9999901453297,427.3403516695,21.4448,119.703125,70167,427.0,427.0,,,14,15,129
synth_13,nosbs-off,wct,1,limit,543.999908501934,427.0,21.5073,119.6875,78158,427.0,427.0,,,14,15,129
synth_13,nosbs-off,wct,2,limit,543.99999,427.045112782,21.4991,119.84375,85984,427.0,427.0,,,14,15,129
synth_13,nosbs-off,wct,3,limit,543.9999795000053,427.0000000001,21.5073,119.78125,81536,427.0,427.0,,,14,15,129
synth_13,nosbs-off,wct,4,limit,543.9999979999998,427.0,21.5074,119.71875,86532,427.0,427.0,,,14,15,129
synth_18,dfa,wct,0,limit,976.0,717.7931092241,26.4556,119.765625,11692,695.9999999999984,696.0,,,14,15,129
synth_18,dfa,wct,1,limit,976.0,718.4403032432,26.3893,119.75,10955,695.9999999999984,696.0,,,14,15,129
synth_18,dfa,wct,2,limit,976.0,714.0,26.844299999999997,119.921875,10202,695.9999999999984,696.0,,,14,15,129
synth_18,dfa,wct,3,limit,976.0,715.0016128297,26.7416,119.8125,11664,695.9999999999984,696.0,,,14,15,129
synth_18,dfa,wct,4,limit,976.0,716.4134879768,26.597000000000005,119.765625,11619,695.9999999999984,696.0,,,14,15,129
synth_18,pairwise,wct,0,limit,976.0,733.4884773479,24.8475,119.734375,22760,695.9999999999999,696.0,1053,,14,15,129
synth_18,pairwise,wct,1,limit,976.0,775.4902036874,20.544,119.875,26184,695.9999999999999,696.0,1053,,14,15,129
synth_18,pairwise,wct,2,limit,975.9999754999982,775.1060044462,20.5834,119.671875,28038,695.9999999999999,696.0,1053,,14,15,129
synth_18,pairwise,wct,3,limit,976.0,782.7350428202,19.8017,119.78125,25875,695.9999999999999,696.0,1053,,14,15,129
synth_18,pairwise,wct,4,limit,976.0,772.0,20.9016,119.71875,21689,695.9999999999999,696.0,1053,,14,15,129
synth_18,nosbs-off,wct,0,limit,975.9999806799992,738.0,24.3852,119.71875,131457,696.0,696.0,,,14,15,129
synth_18,nosbs-off,wct,1,limit,975.9972580156922,696.0,28.688299999999998,119.625,94195,696.0,696.0,,,14,15,129
synth_18,nosbs-off,wct,2,limit,975.9999958240552,734.6666666667,24.7268,119.8125,107757,696.0,696.0,,,14,15,129
synth_18,nosbs-off,wct,3,limit,975.9999074726928,716.0,26.6393,119.890625,99582,696.0,696.0,,,14,15,129
synth_18,nosbs-off,wct,4,limit,975.9999911787319,716.0,26.6393,119.8125,95106,696.0,696.0,,,14,15,129
synth_25,dfa,wct,0,limit,1237.0,835.000000001,32.498,119.828125,1109,835.0000000000002,835.0,,,19,20,229
synth_25,dfa,wct,1,limit,1198.0,835.0000000102,30.300499999999996,119.796875,1324,835.0000000000002,835.0,,,19,20,229
synth_25,dfa,wct,2,limit,1216.0,835.0000000049,31.3322,119.828125,846,835.0000000000002,835.0,,,19,20,229
synth_25,dfa,wct,3,limit,1216.0,835.0000000081,31.3322,119.78125,1305,835.0000000000002,835.0,,,19,20,229
synth_25,dfa,wct,4,limit,1216.0,835.0000000074,31.3322,119.796875,822,835.0000000000002,835.0,,,19,20,229
synth_25,pairwise,wct,0,limit,1229.0,835.0000000043,32.0586,119.859375,2190,835.0000000000001,835.0,2718,,19,20,229
synth_25,pairwise,wct,1,limit,1197.999988,835.0000000029,30.300499999999996,119.765625,2614,835.0000000000001,835.0,2718,,19,20,229
synth_25,pairwise,wct,2,limit,1198.0,835.0000000012,30.300499999999996,119.828125,2925,835.0000000000001,835.0,2718,,19,20,229
synth_25,pairwise,wct,3,limit,1198.0,835.0000000002,30.300499999999996,119.703125,2874,835.0000000000001,835.0,2718,,19,20,229
synth_25,pairwise,wct,4,limit,1237.0,835.0000000028,32.498,119.828125,3309,835.0000000000001,835.0,2718,,19,20,229
synth_25,nosbs-off,wct,0,limit,1198.0,835.0,30.300499999999996,119.734375,24238,834.9999999999997,835.0,,,19,20,229
synth_25,nosbs-off,wct,1,limit,1198.0,835.0,30.300499999999996,119.8125,23048,834.9999999999997,835.0,,,19,20,229
synth_25,nosbs-off,wct,2,limit,1197.9999977319758,835.0000000002,30.300499999999996,119.796875,33920,834.9999999999997,835.0,,,19,20,229
synth_25,nosbs-off,wct,3,limit,1197.9999992397793,835.0,30.300499999999996,119.765625,24889,834.9999999999997,835.0,,,19,20,229
synth_25,nosbs-off,wct,4,limit,1198.0,835.0,30.300499999999996,119.734375,24426,834.9999999999997,835.0,,,19,20,229
synth_20,dfa,wct,0,limit,1303.0,776.0000000067,40.4451,119.8125,688,775.9999999999994,776.0,,,20,21,258
synth_20,dfa,wct,1,limit,1443.0,776.0000000053,46.2231,119.796875,625,775.9999999999994,776.0,,,20,21,258
synth_20,dfa,wct,2,limit,1300.0,776.0000000067,40.3077,119.828125,639,775.9999999999994,776.0,,,20,21,258
synth_20,dfa,wct,3,limit,1274.0,776.0000000045,39.0895,119.734375,606,775.9999999999994,776.0,,,20,21,258
synth_20,dfa,wct,4,limit,1303.0,776.0000000084,40.4451,119.90625,621,775.9999999999994,776.0,,,20,21,258
synth_20,pairwise,wct,0,limit,1335.0,776.0000000038,41.8727,119.71875,1026,776.0000000000002,776.0,3078,,20,21,258
synth_20,pairwise,wct,1,limit,1288.0,776.0000000089,39.7516,119.75,1058,776.0000000000002,776.0,3078,,20,21,258
synth_20,pairwise,wct,2,limit,1295.0,776.0000000022,40.0772,119.734375,1198,776.0000000000002,776.0,3078,,20,21,258
synth_20,pairwise,wct,3,limit,1288.0,776.0000000039,39.7516,119.84375,1255,776.0000000000002,776.0,3078,,20,21,258
synth_20,pairwise,wct,4,limit,1300.0,776.000000018,40.3077,119.75,1976,776.0000000000002,776.0,3078,,20,21,258
synth_20,nosbs-off,wct,0,limit,1266.0,776.0000000001,38.7046,119.984375,15376,775.9999999999999,776.0,,,20,21,258
synth_20,nosbs-off,wct,1,limit,1276.0,776.0,39.185,119.65625,11948,775.9999999999999,776.0,,,20,21,258
synth_20,nosbs-off,wct,2,limit,1265.9999699999992,776.0000000042,38.7046,119.859375,18777,775.9999999999999,776.0,,,20,21,258
synth_20,nosbs-off,wct,3,limit,1266.0,776.0,38.7046,119.8125,15913,775.9999999999999,776.0,,,20,21,258
synth_20,nosbs-off,wct,4,limit,1265.999966229092,776.0,38.7046,119.609375,12924,775.9999999999999,776.0,,,20,21,258
