instance_name,config,objective,status,obj,best_bound,gap_pct,time,n_nodes,deadline,n_ops,n_dfa_states,n_dfa_arcs
synth_01,dfa,wct,solved,135.0,135.0,0.0,0.15625,1,,7,8,38
synth_01,nosbs-auto,wct,solved,135.0,135.0,0.0,0.25,477,,7,8,38
synth_01,nosbs-off,wct,solved,135.0,135.0,0.0,0.25,477,,7,8,38
synth_02,dfa,wct,solved,271.0,271.0,0.0,0.765625,441,,8,9,50
synth_02,nosbs-auto,wct,solved,271.0,271.0,0.0,2.15625,4553,,8,9,50
synth_02,nosbs-off,wct,solved,271.0,271.0,0.0,2.171875,4553,,8,9,50
synth_03,dfa,wct,solved,563.0,563.0,0.0,1.21875,550,,8,9,50
synth_03,nosbs-auto,wct,solved,563.0,563.0,0.0,2.9375,6205,,8,9,50
synth_03,nosbs-off,wct,solved,563.0,563.0,0.0,2.78125,6205,,8,9,50
synth_04,dfa,wct,solved,284.0,284.0,0.0,0.65625,260,,8,9,50
synth_04,nosbs-auto,wct,solved,284.0,284.0,0.0,0.96875,1589,,8,9,50
synth_04,nosbs-off,wct,solved,284.0,284.0,0.0,1,1589,,8,9,50
synth_05,dfa,wct,solved,448.0,447.9663984641,0.0075,19.140625,3988,,11,12,86
synth_05,nosbs-auto,wct,solved,447.99999327999984,447.99999328,0.0,152.125,250003,,11,12,86
synth_05,nosbs-off,wct,solved,447.99999327999984,447.99999328,0.0,151.1875,250003,,11,12,86
synth_06,dfa,wct,limit,1249.0,882.9369566558,29.3085,599.28125,47631,,13,14,122
synth_06,nosbs-auto,wct,limit,1239.9999790312397,694.0,44.0323,598.9375,535605,,13,14,122
synth_06,nosbs-off,wct,limit,1239.9999790312397,694.0,44.0323,599.171875,537792,,13,14,122
synth_07,dfa,wct,solved,443.0,443.0,0.0,25.65625,6250,,11,12,86
synth_07,nosbs-auto,wct,solved,442.9999890676108,442.9999890676,0.0,102.734375,174482,,11,12,86
synth_07,nosbs-off,wct,solved,442.9999890676108,442.9999890676,0.0,103.96875,174482,,11,12,86
synth_08,dfa,wct,solved,614.0,614.0,0.0,196.25,19686,,12,13,104
synth_08,nosbs-auto,wct,limit,613.9999838634049,532.0,13.355,599.015625,670024,,12,13,104
synth_08,nosbs-off,wct,limit,613.9999838634049,531.435483871,13.446999999999997,599.203125,669508,,12,13,104
synth_09,dfa,wct,solved,804.0,804.0,0.0,36.609375,6210,,12,13,99
synth_09,nosbs-auto,wct,limit,803.9999958257919,714.0,11.194,599.328125,873942,,12,13,99
synth_09,nosbs-off,wct,limit,803.9999958257919,710.4166666667,11.6397,599.046875,823173,,12,13,99
synth_10,dfa,wct,solved,683.0,683.0,0.0,22.34375,5670,,11,12,83
synth_10,nosbs-auto,wct,solved,682.9999967860928,682.9999967861,0.0,145.0625,222863,,11,12,83
synth_10,nosbs-off,wct,solved,682.9999967860928,682.9999967861,0.0,147.328125,222863,,11,12,83
synth_11,dfa,wct,solved,617.0,617.0,0.0,5.203125,1481,,11,12,83
synth_11,nosbs-auto,wct,solved,616.9999522564087,616.9999522564,0.0,27.21875,46519,,11,12,83
synth_11,nosbs-off,wct,solved,616.9999522564087,616.9999522564,0.0,28.09375,46519,,11,12,83
synth_12,dfa,wct,limit,864.0,511.7063545588,40.7747,598.671875,10202,,16,17,169
synth_12,nosbs-auto,wct,limit,863.999995129711,525.0,39.2361,599.078125,231438,,16,17,169
synth_12,nosbs-off,wct,limit,863.9999789999965,507.0,41.3194,598.734375,204040,,16,17,169
synth_13,dfa,wct,solved,544.0,544.0,0.0,93.046875,9322,,14,15,129
synth_13,nosbs-auto,wct,limit,543.9999901453297,436.3453236685,19.7895,598.71875,394863,,14,15,129
synth_13,nosbs-off,wct,limit,543.9999901453297,436.5,19.761,598.75,397231,,14,15,129
synth_14,dfa,wct,limit,1021.0,757.0230187589,25.8547,598.78125,10790,,15,16,148
synth_14,nosbs-auto,wct,limit,1020.9916380299913,650.0000000001,36.3364,598.734375,293432,,15,16,148
synth_14,nosbs-off,wct,limit,1020.9916380299913,650.0000000001,36.3364,598.21875,289580,,15,16,148
synth_15,dfa,wct,limit,759.0,607.1962690184,20.0005,598.671875,18263,,15,16,150
synth_15,nosbs-auto,wct,limit,758.9999767247891,547.0000000004,27.9315,598.734375,282510,,15,16,150
synth_15,nosbs-off,wct,limit,758.9999767247891,547.0000000004,27.9315,598.671875,280118,,15,16,150
synth_16,dfa,wct,limit,934.0,706.1946889792,24.3903,598.640625,25927,,15,16,149
synth_16,nosbs-auto,wct,limit,933.9999853587988,585.4076086184,37.3225,598.703125,287231,,15,16,149
synth_16,nosbs-off,wct,limit,933.9999853587988,585.3854979019,37.3249,598.953125,284583,,15,16,149
synth_17,dfa,wct,limit,542.9999913333193,484.6345921384,10.7487,598.953125,23260,,15,16,149
synth_17,nosbs-auto,wct,limit,542.9999306299345,419.0,22.8361,598.6875,314803,,15,16,149
synth_17,nosbs-off,wct,limit,542.9999306299345,419.0,22.8361,598.84375,314812,,15,16,149
synth_18,dfa,wct,solved,976.0,976.0,0.0,333.625,19966,,14,15,129
synth_18,nosbs-auto,wct,limit,975.9999786099993,780.2535211268,20.056,598.875,685271,,14,15,129
synth_18,nosbs-off,wct,limit,975.9999786099993,780.0,20.082,598.828125,631656,,14,15,129
synth_19,dfa,wct,limit,1204.0,873.8819539893,27.4184,598.84375,17972,,15,16,150
synth_19,nosbs-auto,wct,limit,1171.9999790586462,801.0,31.655300000000004,598.875,338580,,15,16,150
synth_19,nosbs-off,wct,limit,1171.9999790586462,801.0,31.655300000000004,599,340286,,15,16,150
synth_20,dfa,wct,limit,1268.0,822.3964906516,35.1422,598.859375,1410,,20,21,258
synth_20,nosbs-auto,wct,limit,1266.0,776.0000000001,38.7046,598.84375,87477,,20,21,258
synth_20,nosbs-off,wct,limit,1265.9999966941753,776.0000000001,38.7046,598.953125,92178,,20,21,258
synth_21,dfa,wct,limit,703.0,524.5053386256,25.390400000000003,598.53125,10202,,17,18,185
synth_21,nosbs-auto,wct,limit,702.9999102969687,475.2690111179,32.3942,598.921875,145452,,17,18,185
synth_21,nosbs-off,wct,limit,702.9987905931168,514.1111111111,26.868799999999997,598.859375,207446,,17,18,185
synth_22,dfa,wct,limit,1425.0,962.5704457356,32.4512,598.921875,10202,,18,19,211
synth_22,nosbs-auto,wct,limit,1418.0,938.0000000001,33.8505,598.703125,136439,,18,19,211
synth_22,nosbs-off,wct,limit,1418.0,938.0000000027,33.8505,598.96875,142575,,18,19,211
synth_23,dfa,wct,limit,1336.0,810.8811851826,39.3053,598.90625,780,,21,22,280
synth_23,nosbs-auto,wct,limit,1319.9999905000006,768.0000000082,41.8182,598.703125,63041,,21,22,280
synth_23,nosbs-off,wct,limit,1319.9999879999996,768.0,41.8182,598.9375,72974,,21,22,280
synth_24,dfa,wct,limit,2120.0,1394.307647278,34.2308,598.75,942,,22,23,310
synth_24,nosbs-auto,wct,limit,2092.0,1365.0,34.7514,598.78125,40808,,22,23,310
synth_24,nosbs-off,wct,limit,2097.9999777142775,1365.0,34.938,598.59375,51173,,22,23,310
synth_25,dfa,wct,limit,1247.0,876.5251050005,29.7093,598.984375,1994,,19,20,229
synth_25,nosbs-auto,wct,limit,1197.9999901198994,835.0,30.300499999999996,599.078125,132765,,19,20,229
synth_25,nosbs-off,wct,limit,1197.9999918586761,835.0000000091,30.300499999999996,598.859375,137727,,19,20,229
synth_26,dfa,wct,limit,1322.0,1088.249177869,17.6816,599.71875,10248,,17,18,183
synth_26,nosbs-auto,wct,limit,1321.9999759750126,963.0000000029,27.155799999999996,599.015625,194781,,17,18,183
synth_26,nosbs-off,wct,limit,1321.9999711411197,963.0000000021,27.155799999999996,598.171875,194128,,17,18,183
synth_27,dfa,wct,limit,1634.0,1036.000000002,36.5973,599.03125,592,,26,27,422
synth_27,nosbs-auto,wct,limit,1564.9999950783,1036.0,33.8019,598.828125,22081,,26,27,422
synth_27,nosbs-off,wct,limit,1567.999986,1036.0,33.9286,598.65625,26495,,26,27,422
synth_28,dfa,wct,limit,1693.0,1039.521638515,38.5988,598.84375,704,,24,25,357
synth_28,nosbs-auto,wct,limit,1679.9998817937658,980.0,41.6667,598.8125,49314,,24,25,357
synth_28,nosbs-off,wct,limit,1679.0,980.0,41.6319,599.015625,48338,,24,25,357
synth_29,dfa,wct,limit,1034.0,765.0588235381,26.0098,598.796875,658,,24,25,358
synth_29,nosbs-auto,wct,limit,1033.9999087055878,750.0,27.466099999999997,598.796875,40211,,24,25,358
synth_29,nosbs-off,wct,limit,1033.9999865000077,750.0,27.466099999999997,598.984375,48019,,24,25,358
synth_30,dfa,wct,limit,1906.0,1163.674028425,38.9468,598.96875,755,,23,24,332
synth_30,nosbs-auto,wct,limit,1738.992543622852,1143.0,34.2723,598.640625,60125,,23,24,332
synth_30,nosbs-off,wct,limit,1738.9999944902997,1143.000000001,34.2726,598.8125,52866,,23,24,332
